time,latitude,longitude,depth,mag,magType,nst,gap,dmin,rms,net,id,updated,place,type,horizontalError,depthError,magError,magNst,status,locationSource,magSource
2022-10-07T12:40:35.650Z,19.2351665496826,-155.396331787109,30.7700004577637,3.05999994,md,48,141,,0.140000001,hv,hv73170207,2022-10-07T12:43:53.790Z,"9 km ENE of Pāhala, Hawaii",earthquake,0.59,0.730000019,2.73000002,40,automatic,hv,hv
2022-10-07T11:57:38.628Z,63.148,-171.7189,10.625,4,mb,43,179,0.63,0.61,us,us6000irsy,2022-10-07T12:15:09.040Z,"70 km S of Gambell, Alaska",earthquake,7.47,5.303,0.173,9,reviewed,us,us
2022-10-07T11:29:47.127Z,7.4159,94.3917,10,4.9,mb,54,122,3.343,0.6,us,us6000irsu,2022-10-07T12:02:27.040Z,"197 km NNW of Sabang, Indonesia",earthquake,9.51,1.889,0.092,37,reviewed,us,us
2022-10-07T10:40:23.660Z,18.8955,-67.6948,8,3.5,md,18,177,0.5547,0.68,pr,pr2022280000,2022-10-07T11:38:42.614Z,"Puerto Rico region",earthquake,2.18,2.41,0.08,10,reviewed,pr,pr
2022-10-07T09:52:01.238Z,52.3968,-170.6401,49.383,4.1,mb,68,174,1.94,0.77,us,us6000irse,2022-10-07T10:58:31.040Z,"Fox Islands, Aleutian Islands, Alaska",earthquake,9.38,10.139,0.063,69,reviewed,us,us
2022-10-07T09:24:49.437Z,-15.1168,-172.9482,10,5.5,mww,36,110,1.648,0.44,us,us6000irs7,2022-10-07T11:27:58.332Z,"129 km NE of Hihifo, Tonga",earthquake,5.36,1.884,0.083,14,reviewed,us,us
2022-10-07T08:54:26.699Z,-22.281,-68.824,128.111,4.5,mb,18,55,0.619,0.56,us,us6000irs1,2022-10-07T12:37:29.040Z,"21 km NNE of Calama, Chile",earthquake,4.3,6.572,0.27,4,reviewed,us,us
2022-10-07T07:58:46.425Z,-16.0885,-174.4387,10,4.9,mb,35,101,2.58,2.47,us,us6000irru,2022-10-07T08:24:41.040Z,"70 km WSW of Hihifo, Tonga",earthquake,7.33,1.857,0.06,87,reviewed,us,us
2022-10-07T04:25:35.690Z,17.9793333333333,-66.9036666666667,12.61,2.59,md,12,114,,0.1,pr,pr71375338,2022-10-07T04:56:36.250Z,"0 km NNE of Guánica, Puerto Rico",earthquake,0.47,0.25,0.0592641866059849,6,reviewed,pr,pr
2022-10-07T03:19:15.054Z,60.956,-150.7755,44.3,3.4,ml,,,,0.5,ak,ak022cv4dku6,2022-10-07T10:43:24.524Z,"5 km NW of Point Possession, Alaska",earthquake,,1.8,,,automatic,ak,ak
2022-10-07T02:24:48.880Z,17.9643333333333,-66.7346666666667,10.18,2.79,md,11,215,,0.07,pr,pr71375323,2022-10-07T03:00:33.900Z,"3 km SSW of Tallaboa, Puerto Rico",earthquake,0.43,0.35,0.0288631560524863,3,reviewed,pr,pr
2022-10-07T01:39:21.230Z,17.9603333333333,-66.9988333333333,17.32,2.58,md,9,201,,0.13,pr,pr71375318,2022-10-07T02:15:59.550Z,"5 km ESE of La Parguera, Puerto Rico",earthquake,0.69,0.54,0.040025654605736,6,reviewed,pr,pr
2022-10-06T23:49:35.540Z,18.2821666666667,-67.2711666666667,86.83,3.19,md,26,149,,0.22,pr,pr71375298,2022-10-07T00:07:53.500Z,"5 km SSW of Stella, Puerto Rico",earthquake,0.96,0.65,0.0542865812162381,18,reviewed,pr,pr
2022-10-06T23:12:08.750Z,35.94133333,-97.89,6.3,3.42,ml,100,33,0,0.16,ok,ok2022tpru,2022-10-07T05:30:25.844Z,"4 km SSE of Dover, Oklahoma",earthquake,,0.3,0.2,29,reviewed,ok,ok
2022-10-06T21:12:39.620Z,17.9191666666667,-66.2596666666667,7.65,3.3,md,26,188,,0.28,pr,pr71375278,2022-10-06T22:36:29.674Z,"5 km SW of Central Aguirre, Puerto Rico",earthquake,0.47,0.71,0.0905312060879642,20,reviewed,pr,pr
2022-10-06T20:51:36.339Z,31.73264751,-104.0996984,9.242236328,2.7,ml,65,50,0.03532916279,0.3,tx,tx2022tpne,2022-10-07T09:44:55.882Z,"western Texas",earthquake,0.4800766235,0.6997116381000001,0.1,29,reviewed,tx,tx
2022-10-06T20:47:07.923Z,31.73564266,-104.0978304,7.262719727000001,3.2,ml,64,48,0.03490771315,0.2,tx,tx2022tpmz,2022-10-06T21:28:04.608Z,"47 km W of Mentone, Texas",earthquake,0.4732260614,0.6354995939,0.2,30,reviewed,tx,tx
2022-10-06T20:43:13.797Z,61.8387,-147.5485,34.9,4.9,ml,,,,0.55,ak,ak022ctr3qn3,2022-10-07T12:26:27.662Z,"6 km ENE of Glacier View, Alaska",earthquake,,0.2,,,reviewed,ak,ak
2022-10-06T20:29:35.129Z,31.73468275,-104.1075209,7.674047852000001,2.9,ml,45,48,0.04229726902,0.2,tx,tx2022tpmk,2022-10-06T20:59:33.040Z,"48 km W of Mentone, Texas",earthquake,0.403035544,0.7471406834999998,0,6,reviewed,tx,tx
2022-10-06T19:42:08.340Z,19.3391666666667,-155.008,1.18,2.61,ml,44,210,,0.17,hv,hv73169432,2022-10-06T21:30:54.540Z,"17 km SSW of Leilani Estates, Hawaii",earthquake,0.56,0.33,0.0997398737715733,25,reviewed,hv,hv
2022-10-06T19:30:50.245Z,61.8518,-147.5401,28.9,4.1,ml,,,,0.55,ak,ak022ctqflju,2022-10-07T05:40:25.470Z,"7 km NE of Glacier View, Alaska",earthquake,,0.2,,,reviewed,ak,ak
2022-10-06T19:27:40.991Z,-47.2179,-12.0812,10,5.1,mb,57,79,16.929,0.65,us,us6000irm5,2022-10-06T19:47:36.040Z,"southern Mid-Atlantic Ridge",earthquake,12.32,1.908,0.079,57,reviewed,us,us
2022-10-06T18:14:17.522Z,37.156,141.1921,19.25,4.5,mb,33,133,2.47,1.1,us,us6000irlq,2022-10-06T19:13:04.040Z,"29 km ENE of Iwaki, Japan",earthquake,4.12,4.858,0.09,36,reviewed,us,us
2022-10-06T16:36:09.782Z,27.6203,126.9115,177.317,5.3,mww,105,30,1.442,1.31,us,us6000irks,2022-10-06T17:00:44.700Z,"154 km NW of Nago, Japan",earthquake,6.22,5.778,0.061,26,reviewed,us,us
2022-10-06T16:14:52.000Z,35.9455,-97.8955,4.03,2.71,ml,89,33,0,0.43,ok,ok2022tpea,2022-10-06T16:33:15.735Z,"4 km SSE of Dover, Oklahoma",earthquake,,0.7,0.23,37,reviewed,ok,ok
2022-10-06T15:56:47.865Z,-1.9167,-78.0148,159.265,4.3,mb,28,64,0.421,1.04,us,us6000irkf,2022-10-06T22:06:01.040Z,"24 km SSW of Palora, Ecuador",earthquake,7.77,4.423,0.129,20,reviewed,us,us
2022-10-06T15:53:46.640Z,31.621,-116.0356667,4.8,2.77,ml,15,187,0.314,0.1,ci,ci40356672,2022-10-06T23:23:12.393Z,"51km ESE of Maneadero, B.C., MX",earthquake,0.38,31.61,0.144,68,reviewed,ci,ci
2022-10-06T14:02:59.710Z,35.94183333,-97.8895,6.26,2.88,ml,100,36,0,0.18,ok,ok2022tozr,2022-10-06T23:31:39.343Z,"4 km SSE of Dover, Oklahoma",earthquake,,0.4,0.23,38,reviewed,ok,ok
2022-10-06T12:11:08.400Z,33.2083333,-115.5425,6.99,2.79,ml,52,95,0.06862,0.22,ci,ci40356608,2022-10-06T22:04:05.450Z,"4km SSW of Niland, CA",earthquake,0.27,0.55,0.186,27,reviewed,ci,ci
2022-10-06T12:03:35.730Z,33.2041667,-115.5441667,5.8,2.84,ml,49,95,0.06558,0.23,ci,ci40356576,2022-10-06T21:36:28.649Z,"5km SSW of Niland, CA",earthquake,0.31,0.55,0.163,27,reviewed,ci,ci
2022-10-06T11:13:42.100Z,35.9415,-97.891,5.52,2.78,ml,97,33,0,0.16,ok,ok2022toub,2022-10-06T15:04:24.626Z,"4 km SSE of Dover, Oklahoma",earthquake,,0.3,0.21,34,reviewed,ok,ok
2022-10-06T08:11:57.570Z,17.9193333333333,-66.2633333333333,7.73,3.01,md,29,188,,0.25,pr,pr71375223,2022-10-07T11:50:17.897Z,"5 km SW of Central Aguirre, Puerto Rico",earthquake,0.49,0.93,0.138048166870744,18,reviewed,pr,pr
2022-10-06T07:31:05.879Z,61.2814,-139.5702,1.306,2.9,ml,22,78,0.835,0.38,us,us6000ire9,2022-10-06T08:16:26.040Z,"126 km WNW of Haines Junction, Canada",earthquake,2.94,2.614,0.042,76,reviewed,us,us
2022-10-06T07:20:40.110Z,17.9945,-66.9871666666667,8.69,2.63,md,37,140,,0.28,pr,pr71375198,2022-10-06T08:11:57.760Z,"6 km ENE of La Parguera, Puerto Rico",earthquake,0.36,0.68,0.205833083211674,17,reviewed,pr,pr
2022-10-06T07:07:30.395Z,61.2736,-139.5884,1.301,2.5,ml,20,101,0.824,0.29,us,us6000ire3,2022-10-06T07:54:59.040Z,"126 km WNW of Haines Junction, Canada",earthquake,1.9,9.548,0.047,60,reviewed,us,us
2022-10-06T07:03:41.019Z,18.1861,-103.3991,35,4.4,mb,70,208,2.517,0.83,us,us6000ire2,2022-10-06T16:59:45.365Z,"offshore Michoacan, Mexico",earthquake,10.61,1.996,0.041,168,reviewed,us,us
2022-10-06T06:54:37.419Z,37.8699,-117.4765,0.3,2.9,ml,19,106.78,0.276,0.1738,nn,nn00848686,2022-10-06T15:41:08.306Z,"18 km NE of Silver Peak, Nevada",earthquake,,2.4,0.59,11,reviewed,nn,nn
2022-10-06T05:29:53.930Z,34.0243333,-117.2246667,11.33,2.54,ml,98,17,0.09389,0.15,ci,ci40356424,2022-10-06T20:38:01.526Z,"4km SE of Loma Linda, CA",earthquake,0.11,0.2,0.212,24,reviewed,ci,ci
2022-10-06T05:20:32.729Z,0.8012,126.2862,51.468,4.5,mb,32,66,1.081,0.44,us,us6000ircy,2022-10-06T05:55:46.040Z,"122 km W of Ternate, Indonesia",earthquake,7.4,8.642,0.135,17,reviewed,us,us
2022-10-06T05:18:31.732Z,61.2843,-139.5922,1.166,3.9,mb,44,57,0.083,0.97,us,us6000ircv,2022-10-07T01:56:17.342Z,"Southern Yukon Territory, Canada",earthquake,0.73,9.37,0.137,14,reviewed,us,us
2022-10-06T03:50:20.756Z,-55.9677,-28.1194,123.27,5.3,mww,102,44,5.09,0.78,us,us6000irbu,2022-10-06T04:24:25.040Z,"South Sandwich Islands region",earthquake,10.21,4.481,0.089,12,reviewed,us,us
2022-10-06T02:02:23.973Z,-58.7208,-25.1762,35,5.1,mb,64,90,15.854,0.66,us,us6000irav,2022-10-06T03:42:32.040Z,"South Sandwich Islands region",earthquake,12.24,1.827,0.073,60,reviewed,us,us
2022-10-06T01:05:03.096Z,-58.6872,-25.2151,35,4.9,mb,29,90,7.639,0.26,us,us6000irab,2022-10-06T03:36:35.040Z,"South Sandwich Islands region",earthquake,6.15,1.91,0.117,23,reviewed,us,us
2022-10-06T00:24:43.130Z,35.94016667,-97.89166667,5.47,3.19,ml,100,44,0,0.17,ok,ok2022tnyr,2022-10-06T16:02:32.431Z,"4 km SSE of Dover, Oklahoma",earthquake,,0.3,0.24,35,reviewed,ok,ok
2022-10-06T00:19:06.260Z,18.9458333333333,-65.0386666666667,31.35,3.06,md,17,265,,0.52,pr,pr71375168,2022-10-06T00:38:23.620Z,"67 km N of Charlotte Amalie, U.S. Virgin Islands",earthquake,2.64,12.62,0.179801938093256,11,reviewed,pr,pr
2022-10-06T00:06:18.680Z,19.0046666666667,-65.0645,14.93,3.36,md,15,267,,0.51,pr,pr71375148,2022-10-06T00:29:11.660Z,"74 km N of Charlotte Amalie, U.S. Virgin Islands",earthquake,4.64,9.64,0.0454103499361045,11,reviewed,pr,pr
2022-10-05T23:48:28.294Z,15.2106,145.6432,10.839,4.8,mb,42,70,14.957,0.67,us,us6000ir99,2022-10-06T00:54:38.245Z,"11 km W of Saipan, Northern Mariana Islands",earthquake,14.24,5.088,0.075,54,reviewed,us,us
2022-10-05T23:09:02.490Z,19.2301666666667,-155.397833333333,33.29,2.97,md,48,143,,0.12,hv,hv73168317,2022-10-07T00:17:23.700Z,"9 km ENE of Pāhala, Hawaii",earthquake,0.42,0.53,0.0692185099164488,17,reviewed,hv,hv
2022-10-05T22:16:48.888Z,62.9779,-150.4415,98.9,4.8,ml,,,,0.8,ak,ak022cs4ljsx,2022-10-06T22:23:06.016Z,"56 km NNE of Petersville, Alaska",earthquake,,0.4,,,reviewed,ak,ak
2022-10-05T19:09:00.115Z,-7.4884,128.8923,134.268,4.4,mb,17,134,2.435,1.12,us,us6000ir62,2022-10-05T20:34:30.040Z,"Kepulauan Barat Daya, Indonesia",earthquake,8.74,10.931,0.179,9,reviewed,us,us
2022-10-05T19:04:11.760Z,38.7641,142.0417,64.08,4.8,mb,61,96,2.158,0.61,us,us6000ir61,2022-10-05T21:12:35.392Z,"44 km SE of Ōfunato, Japan",earthquake,7.33,7.076,0.072,59,reviewed,us,us
2022-10-05T18:16:49.163Z,-58.6985,-25.1038,10,5.1,mb,50,85,7.695,0.71,us,us6000ir5p,2022-10-05T18:33:58.040Z,"South Sandwich Islands region",earthquake,11.4,1.884,0.073,61,reviewed,us,us
2022-10-05T16:40:41.219Z,-22.6875,-70.5202,29.049,4.1,mwr,15,179,0.876,0.35,us,us6000ir52,2022-10-06T04:50:44.040Z,"73 km SSW of Tocopilla, Chile",earthquake,4.25,9.032,0.086,13,reviewed,us,us
2022-10-05T16:17:18.676Z,-58.6754,-25.2007,31.803,5.3,mb,77,84,7.64,0.35,us,usd000i6b2,2022-10-05T16:51:21.040Z,"South Sandwich Islands region",earthquake,10.76,5.373,0.062,91,reviewed,us,us
2022-10-05T15:08:55.520Z,42.3367,-126.0595,10,2.6,ml,21,249,1.571,0.46,us,us6000ir4k,2022-10-06T04:32:40.040Z,"135 km W of Gold Beach, Oregon",earthquake,4.3,2.015,0.043,70,reviewed,us,us
2022-10-05T11:25:00.460Z,39.6975,-114.244,13.19,2.6,ml,13,138,0.7009,0.35,uu,uu60519342,2022-10-06T04:06:16.040Z,"56 km NE of McGill, Nevada",earthquake,1.25,5.23,0.148,16,reviewed,uu,uu
2022-10-05T10:14:41.656Z,37.2028,-115.0807,9.8,2.5,ml,36,89.78,0.205,0.1913,nn,nn00848597,2022-10-05T15:51:15.494Z,"19 km SSE of Alamo, Nevada",earthquake,,3.3,0.25,21,reviewed,nn,nn
2022-10-05T10:01:41.005Z,61.7507,-149.7759,36.2,3.7,ml,,,,0.63,ak,ak022crxd45r,2022-10-06T21:28:30.274Z,"13 km N of Houston, Alaska",earthquake,,0.5,,,reviewed,ak,ak
2022-10-05T08:43:43.320Z,17.9371666666667,-66.9445,13.94,2.58,md,8,218,,0.07,pr,pr71375023,2022-10-05T09:59:58.850Z,"5 km SW of Guánica, Puerto Rico",earthquake,0.6,0.42,0.0982153126862797,5,reviewed,pr,pr
2022-10-05T08:38:12.130Z,19.2671666666667,-155.412833333333,32.34,3.42,ml,52,68,,0.12,hv,hv73167597,2022-10-06T08:39:57.328Z,"Hawaii region, Hawaii",earthquake,0.46,0.51,0.193748992876025,35,reviewed,hv,hv
2022-10-05T08:26:57.667Z,64.5649,-134.9487,10,4.5,mb,64,34,1.058,0.65,us,us6000ir0a,2022-10-05T08:53:56.040Z,"224 km ENE of Dawson City, Canada",earthquake,4.87,1.867,0.057,91,reviewed,us,us
2022-10-05T08:26:21.421Z,-4.912,-80.5599,48.333,5.8,mww,95,64,1.442,0.85,us,us6000ir0b,2022-10-06T08:29:29.679Z,"Peru-Ecuador border region",earthquake,7.8,5.817,0.071,19,reviewed,us,us
2022-10-05T06:27:29.954Z,51.3182,-179.5914,39.8,3.4,ml,,,,0.52,ak,ak022crv4xm3,2022-10-05T16:47:22.251Z,"214 km WSW of Adak, Alaska",earthquake,,0.5,,,reviewed,ak,ak
2022-10-05T05:52:59.380Z,18.5123333333333,-66.8705,104.92,3.08,md,24,197,,0.19,pr,pr71374973,2022-10-05T06:48:24.440Z,"4 km NW of Camuy, Puerto Rico",earthquake,1.07,0.63,0.087776882627651,16,reviewed,pr,pr
2022-10-05T05:39:44.510Z,19.0178333333333,-155.450166666667,39.77,2.61,md,33,212,,0.15,hv,hv73167457,2022-10-05T23:03:24.930Z,"14 km ESE of Naalehu, Hawaii",earthquake,0.8,0.85,0.197342289618014,13,reviewed,hv,hv
2022-10-05T05:27:41.537Z,-5.176,151.4565,88.118,4.7,mb,32,61,5.984,1.08,us,us6000iqzf,2022-10-05T05:46:14.040Z,"New Britain region, Papua New Guinea",earthquake,9.98,5.688,0.106,27,reviewed,us,us
2022-10-05T04:52:06.515Z,28.50402832,-98.17486213,6.602783203000001,2.6,ml,20,88,0.02385944682,0.3,tx,tx2022tmlz,2022-10-05T22:45:25.040Z,"4 km N of Three Rivers, Texas",earthquake,2.738894671,1.776819747,0.1,11,reviewed,tx,tx
2022-10-05T04:51:30.350Z,37.3278333,-120.0411667,19.55,3.01,ml,90,43,0.1424,0.18,nc,nc73789551,2022-10-07T08:48:28.063Z,"19km SSW of Mariposa, CA",earthquake,0.19,0.15,0.144,57,reviewed,nc,nc
2022-10-05T03:47:00.010Z,19.7425003051758,-155.723327636719,31.7000007629395,2.66000009,md,44,122,,0.119999997,hv,hv73167382,2022-10-05T21:56:22.040Z,"22 km SSE of Waikoloa, Hawaii",earthquake,0.52,0.670000017,1.42999995,11,automatic,hv,hv
2022-10-05T03:28:16.253Z,59.9726,-152.8991,116.7,4.5,ml,,,,0.58,ak,ak022crtctc4,2022-10-06T21:17:12.433Z,"63 km WNW of Anchor Point, Alaska",earthquake,,0.3,,,reviewed,ak,ak
2022-10-05T03:12:06.410Z,17.9518333333333,-66.9851666666667,10.08,2.83,md,13,211,,0.11,pr,pr71374943,2022-10-05T03:57:41.790Z,"6 km ESE of La Parguera, Puerto Rico",earthquake,0.37,0.4,0.0915127417681147,9,reviewed,pr,pr
2022-10-05T02:41:30.471Z,55.1025,-159.3275,25.8,3.3,ml,,,,0.46,ak,ak022crsu797,2022-10-05T16:43:35.676Z,"78 km ESE of Sand Point, Alaska",earthquake,,0.8,,,reviewed,ak,ak
2022-10-05T02:41:06.710Z,18.1793,-68.0205,99,3.76,md,21,213,0.4921,0.58,pr,pr2022278000,2022-10-05T03:23:48.818Z,"60 km SE of Punta Cana, Dominican Republic",earthquake,3.86,2.37,0.12,11,reviewed,pr,pr
2022-10-05T02:14:06.810Z,44.5963333,-110.6826667,7.56,2.51,ml,23,50,0.02961,0.2,uu,uu60519237,2022-10-05T13:22:27.680Z,"34 km ESE of West Yellowstone, Montana",earthquake,0.35,0.7,0.268,6,reviewed,uu,uu
2022-10-05T01:48:53.304Z,-24.0426,-66.9408,202.517,4.4,mb,36,105,1.572,0.92,us,us6000iqxh,2022-10-05T02:03:46.040Z,"Salta, Argentina",earthquake,10.11,5.441,0.091,36,reviewed,us,us
2022-10-05T01:28:03.627Z,63.5523,-148.0527,1.5,2.8,ml,,,,0.63,ak,ak022crs5x7r,2022-10-05T02:13:36.040Z,"47 km ESE of Denali Park, Alaska",earthquake,,0.4,,,automatic,ak,ak
2022-10-05T01:00:09.280Z,19.0215,-155.443333333333,39.49,2.78,md,39,211,,0.17,hv,hv73167262,2022-10-06T00:16:51.330Z,"15 km ESE of Naalehu, Hawaii",earthquake,0.53,0.78,0.256710112334247,18,reviewed,hv,hv
2022-10-05T00:50:42.031Z,-20.301,-69.3155,96.481,4.7,mb,48,64,0.22,0.65,us,us6000iqx9,2022-10-05T03:43:04.449Z,"87 km E of Iquique, Chile",earthquake,2.92,5.439,0.113,24,reviewed,us,us
2022-10-05T00:31:45.232Z,58.389,-133.2203,7.469,2.5,ml,13,182,0.625,0.37,us,us6000iqx7,2022-10-05T00:59:03.040Z,"Southeastern Alaska",earthquake,3.07,6.515,0.077,22,reviewed,us,us
2022-10-05T00:21:29.623Z,38.5113,45.0375,15,5.6,mww,104,59,1.567,0.82,us,us6000iqx6,2022-10-06T00:25:48.643Z,"Northwestern Iran",earthquake,5.89,1.823,0.057,30,reviewed,us,us
2022-10-04T23:59:05.899Z,44.2036,-115.0854,10,3.1,ml,20,70,0.804,0.81,us,us6000iqwy,2022-10-05T00:21:09.040Z,"11 km W of Stanley, Idaho",earthquake,2.06,2.011,0.035,110,reviewed,us,us
2022-10-04T22:11:50.404Z,-7.6776,130.1255,40.19,5.1,mb,82,38,1.201,1.04,us,us6000iqvx,2022-10-04T22:33:03.040Z,"Pulau Pulau Tanimbar, Indonesia",earthquake,5.63,4.094,0.067,73,reviewed,us,us
2022-10-04T21:41:09.987Z,44.3921,9.0472,8.399,3.1,ml,29,53,0.346,0.64,us,us6000iqv4,2022-10-05T13:07:19.460Z,"2 km NW of Bogliasco, Italy",earthquake,2.6,9.952,0.064,32,reviewed,us,us
2022-10-04T21:36:28.440Z,19.0961,-68.2375,32,3.45,md,11,276,0.5997,0.39,pr,pr2022277002,2022-10-05T00:40:37.598Z,"59 km NNE of Punta Cana, Dominican Republic",earthquake,2.82,12.4,0.09,10,reviewed,pr,pr
2022-10-04T20:14:43.909Z,-4.9967,104.2793,112.997,4.4,mb,47,115,1.463,0.89,us,us6000iqug,2022-10-05T15:29:41.040Z,"69 km WSW of Kotabumi, Indonesia",earthquake,8.45,7.118,0.091,35,reviewed,us,us
2022-10-04T20:06:52.088Z,63.1555,-159.7243,16.051,2.6,ml,26,59,0.379,0.31,us,us6000iqv0,2022-10-05T14:20:59.040Z,"32 km NNE of Grayling, Alaska",earthquake,2.87,6.216,0.05,52,reviewed,us,us
2022-10-04T18:06:31.907Z,24.4075,141.5249,171.521,4.4,mb,85,98,8.805,0.78,us,us6000iqu0,2022-10-04T18:51:07.040Z,"Volcano Islands, Japan region",earthquake,6.77,6.402,0.064,77,reviewed,us,us
2022-10-04T16:38:33.910Z,32.3381667,-115.2443333,2.83,3.57,ml,26,218,0.09598,0.35,ci,ci40355512,2022-10-05T16:42:09.915Z,"5km WSW of Delta, B.C., MX",earthquake,0.83,0.92,0.186,39,reviewed,ci,ci
2022-10-04T16:30:17.265Z,-24.3828,-67.3424,196.278,4.6,mb,21,102,1.618,0.6,us,us6000iqqs,2022-10-04T17:22:07.040Z,"105 km W of San Antonio de los Cobres, Argentina",earthquake,9.44,9.926,0.273,7,reviewed,us,us
2022-10-04T16:08:40.790Z,51.3766666666667,-178.661333333333,7.66,2.84,ml,9,238,,0.18,av,av91689331,2022-10-05T01:34:41.350Z,"150 km WSW of Adak, Alaska",earthquake,0.78,0.61,0.280036858906095,12,reviewed,av,av
2022-10-04T16:08:39.751Z,51.368,-178.5804,22.573,3,ml,17,200,0.236,0.41,us,us6000iquw,2022-10-04T21:17:04.040Z,"146 km WSW of Adak, Alaska",earthquake,6.21,6.168,0.115,10,reviewed,us,us
2022-10-04T15:51:01.296Z,-27.8511,-66.5644,162.808,4.8,mb,48,55,3.264,0.37,us,us6000iqqe,2022-10-04T16:52:54.040Z,"38 km SW of Andalgalá, Argentina",earthquake,6.68,7.903,0.062,87,reviewed,us,us
2022-10-04T15:49:10.930Z,18.7636666666667,-67.3438333333333,9.5,3.15,md,9,288,,0.25,pr,pr71374823,2022-10-04T16:14:05.510Z,"39 km NW of San Antonio, Puerto Rico",earthquake,1.26,1.09,0.168208925221305,7,reviewed,pr,pr
2022-10-04T15:40:09.930Z,36.1603333,-120.7385,8.51,2.45,md,66,106,0.05411,0.1,nc,nc73789341,2022-10-05T00:31:28.921Z,"22km NE of San Ardo, CA",earthquake,0.24,0.3,0.183,68,reviewed,nc,nc
2022-10-04T15:39:29.856Z,35.3028,-3.6764,10,4.9,mb,59,118,2.359,0.63,us,us6000iqqa,2022-10-04T16:26:30.040Z,"23 km NE of Imzouren, Morocco",earthquake,6.14,1.892,0.057,98,reviewed,us,us
2022-10-04T15:37:18.308Z,35.5394,-3.3958,10,4.2,mb,14,128,2.459,0.33,us,us6000iqq9,2022-10-04T16:41:27.040Z,"49 km WNW of Melilla, Spain",earthquake,7.26,1.977,0.375,2,reviewed,us,us
2022-10-04T14:58:59.364Z,53.7427,-35.2629,10,4.5,mb,55,119,9.222,0.57,us,us6000iqq4,2022-10-04T15:49:28.040Z,"Reykjanes Ridge",earthquake,11.06,1.923,0.083,46,reviewed,us,us
2022-10-04T14:46:13.629Z,59.965,-139.2678,4.5,3,ml,,,,0.66,ak,ak022cqch38y,2022-10-04T15:22:50.040Z,"53 km NNE of Yakutat, Alaska",earthquake,,0.2,,,automatic,ak,ak
2022-10-04T14:02:32.943Z,16.9893,147.0659,10,4.6,mb,45,80,14.922,0.97,us,us6000iqpw,2022-10-04T15:07:51.040Z,"241 km NE of Saipan, Northern Mariana Islands",earthquake,12.27,1.89,0.098,34,reviewed,us,us
2022-10-04T13:26:59.680Z,17.9575,-66.9146666666667,10.17,2.7,md,9,203,,0.12,pr,pr71374743,2022-10-04T13:44:45.100Z,"Puerto Rico region",earthquake,0.45,0.4,0.139333026767223,7,reviewed,pr,pr
2022-10-04T13:08:57.097Z,-22.2738,-68.7955,123.413,4.9,mwr,32,45,0.63,0.69,us,us6000iqpf,2022-10-04T14:15:48.865Z,"Antofagasta, Chile",earthquake,2.67,5.383,,,reviewed,us,guc
2022-10-04T12:44:30.383Z,28.9843,102.1878,10,4.6,mb,41,57,7.783,0.7,us,us6000iqpa,2022-10-04T14:23:00.040Z,"115 km S of Kangding, China",earthquake,10.27,1.85,0.111,24,reviewed,us,us
2022-10-04T11:57:17.157Z,59.895,-151.6139,50.5,3.2,ml,,,,0.22,ak,ak022cqar5kz,2022-10-04T20:49:32.568Z,"Kenai Peninsula, Alaska",earthquake,,0.7,,,automatic,ak,ak
2022-10-04T11:15:17.220Z,18.3306,-68.925,178,4.05,md,19,175,0.5737,0.51,pr,pr2022277001,2022-10-04T12:06:41.543Z,"Mona Passage",earthquake,3.63,2.26,0.14,11,reviewed,pr,pr
2022-10-04T11:06:09.410Z,18.0068333333333,-66.77,12.49,2.77,md,16,137,,0.14,pr,pr71374718,2022-10-04T11:20:00.220Z,"1 km S of Magas Arriba, Puerto Rico",earthquake,0.33,0.41,0.22211426525866,15,reviewed,pr,pr
2022-10-04T11:01:42.294Z,53.8795,-35.279,10,4.5,mb,74,91,9.102,0.46,us,us6000iqnm,2022-10-04T11:43:28.040Z,"Reykjanes Ridge",earthquake,11.47,1.921,0.058,86,reviewed,us,us
2022-10-04T10:08:40.280Z,18.8945,-67.3406666666667,48.6,3.08,md,22,216,,0.32,pr,pr71374678,2022-10-05T08:38:31.040Z,"Mona Passage",earthquake,1.32,2.57,0.0785113207980879,18,reviewed,pr,pr
2022-10-04T08:37:57.569Z,-17.9745,-178.4409,577.487,4.2,mb,42,68,3.347,0.75,us,us6000iqn4,2022-10-04T13:32:59.040Z,"237 km E of Levuka, Fiji",earthquake,12.65,5.019,0.056,88,reviewed,us,us
2022-10-04T08:30:29.758Z,-10.8965,166.1914,103.742,4.4,mb,32,92,4.629,0.46,us,us6000iqn3,2022-10-04T13:22:12.040Z,"Santa Cruz Islands",earthquake,3.98,9.335,0.067,65,reviewed,us,us
2022-10-04T05:13:54.736Z,1.8061,-77.2781,129.519,4.8,mb,89,97,1.196,0.61,us,us6000iqmd,2022-10-04T12:26:15.483Z,"Colombia",earthquake,7.91,7.175,0.025,485,reviewed,us,us
2022-10-04T04:52:13.265Z,-8.0774,120.5744,10,4.7,mb,29,52,1.737,0.65,us,us6000iqm9,2022-10-04T21:19:39.040Z,"Flores region, Indonesia",earthquake,6.41,1.895,0.137,16,reviewed,us,us
2022-10-04T04:42:38.900Z,19.398,-155.257333333333,1.92,2.7,ml,43,44,,0.1,hv,hv73166282,2022-10-05T03:00:13.420Z,"5 km SSW of Volcano, Hawaii",earthquake,0.15,0.15,0.16932977291103,16,reviewed,hv,hv
2022-10-04T04:42:09.060Z,19.4011669158936,-155.256164550781,1.36000001430511,2.75,ml,10,102,,0.119999997,hv,hv73166277,2022-10-04T04:48:28.580Z,"5 km SSW of Volcano, Hawaii",earthquake,0.31,0.540000021,0.35,16,automatic,hv,hv
2022-10-04T02:50:18.037Z,-9.9046,-78.5759,46.405,4.5,mb,22,149,2.68,0.4,us,us6000iqll,2022-10-04T04:13:42.040Z,"49 km WNW of Huarmey, Peru",earthquake,8.25,6.033,0.163,11,reviewed,us,us
2022-10-04T02:27:58.730Z,18.8803,-64.2698,7,3.63,md,10,334,0.8662,0.15,pr,pr2022277000,2022-10-04T03:35:08.237Z,"82 km NE of Cruz Bay, U.S. Virgin Islands",earthquake,9.96,9.56,0,3,reviewed,pr,pr
2022-10-04T02:13:49.140Z,18.4206666666667,-67.5915,14.25,3.17,md,8,166,,0.13,pr,pr71374613,2022-10-04T03:06:30.040Z,"37 km WNW of Rincón, Puerto Rico",earthquake,0.74,0.5,0.0991435249704673,3,reviewed,pr,pr
2022-10-04T00:16:09.700Z,18.1726666666667,-67.8566666666667,120.65,3.42,md,15,201,,0.27,pr,pr71374598,2022-10-04T00:49:07.280Z,"66 km WSW of Stella, Puerto Rico",earthquake,2.18,1.2,0.103374302437263,11,reviewed,pr,pr
2022-10-03T23:49:59.984Z,6.8964,-76.729,30.846,4.8,mwr,87,90,1.383,0.69,us,us6000iqkx,2022-10-04T00:58:25.269Z,"13 km SE of Murindó, Colombia",earthquake,2.49,5.093,0.062,25,reviewed,us,us
2022-10-03T23:03:58.220Z,19.2011666666667,-155.385666666667,32.33,2.86,ml,51,161,,0.13,hv,hv73166012,2022-10-04T00:20:30.200Z,"9 km E of Pāhala, Hawaii",earthquake,0.41,0.54,0.194795375458628,35,reviewed,hv,hv
2022-10-03T22:08:59.770Z,17.9711,-66.9876,8,3.35,md,22,169,0.0566,0.21,pr,pr2022276002,2022-10-03T23:18:19.761Z,"6 km E of La Parguera, Puerto Rico",earthquake,0.42,0.69,0.18,21,reviewed,pr,pr
2022-10-03T21:33:38.097Z,-23.113,179.0618,529.746,4.4,mb,35,85,5.657,0.32,us,us6000iqjs,2022-10-03T22:52:38.040Z,"south of the Fiji Islands",earthquake,13.22,8.782,0.088,37,reviewed,us,us
2022-10-03T21:05:40.500Z,19.3476666666667,-155.214666666667,5.19,2.74,ml,44,62,,0.11,hv,hv73165952,2022-10-03T21:37:23.040Z,"Hawaii region, Hawaii",earthquake,0.24,0.53,0.128360225242832,29,reviewed,hv,hv
2022-10-03T20:44:03.857Z,31.73795177,-104.0951503,7.725463867,2.9,ml,47,48,0.03387616744,0.2,tx,tx2022tkaj,2022-10-04T17:38:23.031Z,"47 km W of Mentone, Texas",earthquake,0.5519483586,0.6942121622000001,0.1,7,reviewed,tx,tx
2022-10-03T20:41:46.930Z,18.4975,-64.922,22.04,3.09,md,5,250,,0.23,pr,pr71374563,2022-10-03T20:54:24.390Z,"17 km N of Charlotte Amalie, U.S. Virgin Islands",earthquake,3.32,2.89,0.20511162819309,5,reviewed,pr,pr
2022-10-03T20:13:34.523Z,51.6997,152.4698,415,4,mb,62,129,3.499,0.68,us,us6000iqja,2022-10-03T21:12:28.040Z,"northwest of the Kuril Islands",earthquake,12.99,9.059,0.071,54,reviewed,us,us
2022-10-03T20:05:30.041Z,-22.6018,170.658,10,4.9,mb,23,113,2.968,0.61,us,us6000iqj5,2022-10-03T21:07:10.040Z,"southeast of the Loyalty Islands",earthquake,9.29,1.894,0.122,22,reviewed,us,us
2022-10-03T19:39:59.089Z,-24.117,-66.8717,226.057,4.4,mb,26,84,1.669,0.96,us,us6000iqiy,2022-10-03T20:02:34.040Z,"57 km WNW of San Antonio de los Cobres, Argentina",earthquake,7.45,9.728,0.203,7,reviewed,us,us
2022-10-03T18:48:49.329Z,35.9395,-97.89266667,6.37,2.8,ml,95,33,0,0.18,ok,ok2022tjwp,2022-10-06T00:41:12.695Z,"4 km SSE of Dover, Oklahoma",earthquake,,0.4,0.23,35,reviewed,ok,ok
2022-10-03T18:08:21.884Z,53.7089,-35.5109,10,5,mww,85,52,9.173,0.7,us,us6000iqid,2022-10-04T14:33:57.040Z,"Reykjanes Ridge",earthquake,8.2,1.801,0.046,46,reviewed,us,us
2022-10-03T17:13:44.226Z,4.8018,125.9602,127.152,4.5,mb,19,150,2.285,0.93,us,us6000iqhu,2022-10-03T19:32:31.040Z,"86 km SE of Sarangani, Philippines",earthquake,12.04,13.278,0.15,13,reviewed,us,us
2022-10-03T17:00:02.103Z,60.3627,-148.2414,4.9,3,ml,,,,0.36,ak,ak022coqg5qq,2022-10-03T19:24:15.040Z,"35 km NNW of Chenega, Alaska",earthquake,,0.2,,,automatic,ak,ak
2022-10-03T16:39:21.466Z,41.474,141.7676,84.99,4.4,mb,30,131,0.866,0.39,us,us6000iqfl,2022-10-03T17:18:17.040Z,"50 km ENE of Mutsu, Japan",earthquake,12.18,8.96,0.112,25,reviewed,us,us
2022-10-03T16:08:09.970Z,33.9246667,-116.9215,7.62,3.01,ml,114,20,0.04923,0.17,ci,ci40355088,2022-10-04T16:11:47.149Z,"4km W of Banning, CA",earthquake,0.1,0.38,0.148,154,reviewed,ci,ci
2022-10-03T15:24:31.035Z,40.8273,-117.0879,7.9,3.1,ml,9,110.67,0.552,0.1788,nn,nn00848420,2022-10-03T15:58:44.040Z,"Nevada",earthquake,,2.6,0.06,7,reviewed,nn,nn
2022-10-03T14:40:31.322Z,62.1903,-149.8846,42.4,2.8,ml,,,,0.56,ak,ak022coowht5,2022-10-03T15:24:09.040Z,"3 km NNW of Susitna North, Alaska",earthquake,,1.1,,,automatic,ak,ak
2022-10-03T14:21:01.384Z,31.67691285,-104.4194181,7.159887695,2.8,ml,38,56,0.02336901807,0.2,tx,tx2022tjnt,2022-10-04T18:00:20.261Z,"55 km S of Whites City, New Mexico",earthquake,0.8042997315,0.8480347389,0,7,reviewed,tx,tx
2022-10-03T14:03:30.361Z,58.5573,-141.2234,10,2.7,ml,17,246,1.593,0.1,us,us6000iqf1,2022-10-03T14:22:58.040Z,"139 km SW of Yakutat, Alaska",earthquake,6.04,2.018,0.055,44,reviewed,us,us
2022-10-03T13:14:54.392Z,-2.9509,-80.3428,47.005,4.4,mb,19,132,0.654,0.4,us,us6000iqes,2022-10-03T13:39:36.040Z,"35 km S of Playas, Ecuador",earthquake,9.2,10.361,0.162,11,reviewed,us,us
2022-10-03T10:17:57.898Z,31.67862959,-104.4030142,7.905419922,2.5,ml,15,60,0.03341806356,0.1,tx,tx2022tjft,2022-10-04T10:28:19.356Z,"western Texas",earthquake,1.529028664,1.540632471,0.1,11,reviewed,tx,tx
2022-10-03T09:59:54.910Z,17.92,-66.9345,11.7,2.57,md,9,230,,0.13,pr,pr71374428,2022-10-03T22:30:48.938Z,"6 km SSW of Guánica, Puerto Rico",earthquake,0.71,0.49,0.189830432219351,5,reviewed,pr,pr
2022-10-03T09:55:44.277Z,-22.9867,-112.0767,10,4.9,mb,66,87,16.593,0.44,us,us6000iqdu,2022-10-03T11:05:48.961Z,"Easter Island region",earthquake,12.4,1.874,0.045,154,reviewed,us,us
2022-10-03T08:42:25.750Z,19.0495,-64.2831,27,3.55,md,7,309,0.9692,0.23,pr,pr2022276001,2022-10-03T09:14:19.168Z,"96 km NE of Cruz Bay, U.S. Virgin Islands",earthquake,1.76,15.9,0.09,4,reviewed,pr,pr
2022-10-03T08:24:33.660Z,33.8696667,-117.7646667,4.27,3.08,ml,142,19,0.04589,0.25,ci,ci40354936,2022-10-07T10:26:24.972Z,"5km ESE of Yorba Linda, CA",earthquake,0.12,0.38,0.178,196,reviewed,ci,ci
2022-10-03T08:07:54.498Z,9.901,126.0103,69.444,5,mb,86,85,2.845,0.92,us,us6000iqdi,2022-10-03T11:29:13.435Z,"3 km ENE of Libas, Philippines",earthquake,9.58,6.462,0.04,197,reviewed,us,us
2022-10-03T08:04:42.636Z,-22.7329,-70.4474,26.097,4.3,mb,50,141,0.809,0.69,us,us6000iqdh,2022-10-03T13:24:19.040Z,"Near the coast of Antofagasta, Chile",earthquake,4.12,6.547,0.093,33,reviewed,us,us
2022-10-03T07:00:39.714Z,-56.4002,-26.0345,10,5.5,mww,113,69,6.33,0.54,us,us6000iqd5,2022-10-04T14:43:31.040Z,"South Sandwich Islands region",earthquake,6.79,1.861,0.098,10,reviewed,us,us
2022-10-03T06:53:30.160Z,18.989,-64.267,26,3.76,md,21,229,0.9384,0.22,pr,pr2022276000,2022-10-04T06:53:58.040Z,"91 km NE of Cruz Bay, U.S. Virgin Islands",earthquake,1.09,14.87,0.1,10,reviewed,pr,pr
2022-10-03T06:36:52.920Z,19.4675,-155.641166666667,2.68,2.6,ml,46,71,,0.16,hv,hv73165147,2022-10-04T06:35:41.040Z,"23 km E of Honaunau-Napoopoo, Hawaii",earthquake,0.29,0.51,0.198668004884444,18,reviewed,hv,hv
2022-10-03T06:33:16.220Z,19.4641666666667,-155.6445,3.68,3,ml,52,56,,0.14,hv,hv73165142,2022-10-03T13:38:30.040Z,"23 km E of Honaunau-Napoopoo, Hawaii",earthquake,0.26,0.4,0.204307780306209,34,reviewed,hv,hv
2022-10-03T06:31:53.300Z,17.9285,-67.077,7.43,2.74,md,13,243,,0.11,pr,pr71374368,2022-10-03T06:48:17.790Z,"6 km SSW of La Parguera, Puerto Rico",earthquake,0.53,0.26,0.0523355938819412,5,reviewed,pr,pr
2022-10-03T06:16:26.150Z,32.9686667,-115.8898333,11.76,2.71,ml,65,27,0.05681,0.24,ci,ci40354880,2022-10-04T10:22:27.040Z,"26km WSW of Westmorland, CA",earthquake,0.21,0.49,0.168,26,reviewed,ci,ci
2022-10-03T06:07:54.663Z,31.59933663,-103.9843573,7.442675781,2.8,ml,17,52,0.1386123527,0.2,tx,tx2022tixn,2022-10-03T09:24:20.960Z,"36 km NNW of Toyah, Texas",earthquake,0.9497901908,2.122219758,0.2,9,reviewed,tx,tx
2022-10-03T05:47:15.177Z,-18.828,-177.6711,609.062,4.3,mb,41,58,3.288,0.73,us,us6000iqcn,2022-10-03T09:23:24.040Z,"Fiji region",earthquake,10.83,8.556,0.102,27,reviewed,us,us
2022-10-03T05:36:53.230Z,19.182,-65.5026666666667,47.85,3.37,md,15,264,,0.27,pr,pr71374348,2022-10-03T06:08:20.480Z,"90 km NNE of Vieques, Puerto Rico",earthquake,2.77,8.49,0.0567894761742795,6,reviewed,pr,pr
2022-10-03T05:34:36.268Z,-6.4355,129.9799,127.542,4.4,mb,26,106,2.019,0.6,us,us6000iqcl,2022-10-03T06:13:32.040Z,"Banda Sea",earthquake,5.94,9.028,0.127,18,reviewed,us,us
2022-10-03T04:48:02.530Z,19.181999206543,-155.436492919922,32.6100006103516,3.15,ml,14,165,,0.159999996,hv,hv73165087,2022-10-03T07:01:02.261Z,"Island of Hawaii, Hawaii",earthquake,0.86,0.959999979,0.27,8,automatic,hv,hv
2022-10-03T04:10:49.196Z,55.546,-152.0526,12,2.5,ml,,,,0.86,ak,ak022coirxer,2022-10-03T16:33:13.485Z,"200 km SSE of Old Harbor, Alaska",earthquake,,2.9,,,reviewed,ak,ak
2022-10-03T03:44:15.120Z,18.2773333333333,-67.0125,36.01,2.47,md,9,135,,0.19,pr,pr71374338,2022-10-03T04:03:02.190Z,"Mona Passage",earthquake,0.84,1.33,0.0751691633884362,4,reviewed,pr,pr
2022-10-03T03:12:17.640Z,18.9071666666667,-66.5221666666667,48.51,3.38,md,11,235,,0.11,pr,pr71374333,2022-10-03T03:53:39.340Z,"Puerto Rico region",earthquake,0.79,1.56,0.132865040750455,3,reviewed,pr,pr
2022-10-03T02:00:39.964Z,-8.5614,-76.0738,10,4.5,mb,28,128,3.436,0.63,us,us6000iqbk,2022-10-03T04:24:13.648Z,"44 km ESE of Uchiza, Peru",earthquake,8.51,1.924,0.131,17,reviewed,us,us
2022-10-03T01:48:49.057Z,-8.6291,-75.9229,10,4.6,mb,35,125,3.458,0.53,us,us6000iqbf,2022-10-03T02:28:36.040Z,"62 km ESE of Uchiza, Peru",earthquake,11.84,1.914,0.103,28,reviewed,us,us
2022-10-03T01:43:37.300Z,32.46276855,-102.0410156,9.048258464,3.3,ml,20,59,0.2239919605,0.1,tx,tx2022tiot,2022-10-03T21:28:58.200Z,"30 km SSW of Los Ybanez, Texas",earthquake,1.617651118,3.814218667,0.2,15,reviewed,tx,tx
2022-10-03T01:02:57.590Z,17.9796666666667,-66.9938333333333,9.8,3.08,md,23,189,,0.18,pr,pr71374313,2022-10-03T06:39:57.160Z,"5 km E of La Parguera, Puerto Rico",earthquake,0.48,0.61,0.0792384659767291,10,reviewed,pr,pr
2022-10-03T00:09:02.872Z,37.0557,-97.7986,9.611,2.5,mb_lg,36,67,0.103,0.97,us,us6000iqb4,2022-10-03T22:02:12.877Z,"7 km ESE of Bluff City, Kansas",earthquake,1.63,4.761,0.084,37,reviewed,us,us
2022-10-03T00:06:09.372Z,59.8653,-153.2062,130,2.6,ml,,,,0.42,ak,ak022cogd3ab,2022-10-03T00:28:12.040Z,"51 km E of Pedro Bay, Alaska",earthquake,,0.4,,,automatic,ak,ak
2022-10-02T23:28:25.410Z,36.0966,70.7537,91.708,4.4,mwr,42,83,2.089,0.64,us,us6000iqb1,2022-10-02T23:59:10.040Z,"76 km NNW of Pārūn, Afghanistan",earthquake,6.7,5.917,0.078,16,reviewed,us,us
2022-10-02T23:03:08.173Z,59.4543,-154.4766,168.2,4.2,ml,,,,0.51,ak,ak022cn6i2f9,2022-10-03T04:05:26.811Z,"11 km S of Pope-Vannoy Landing, Alaska",earthquake,,0.3,,,reviewed,ak,ak
2022-10-02T22:45:34.759Z,38.3831,142.5836,35,4.5,mb,22,186,2.675,0.7,us,us6000iqan,2022-10-03T01:15:19.040Z,"107 km SE of Ōfunato, Japan",earthquake,8.89,1.979,0.164,11,reviewed,us,us
2022-10-02T22:19:14.879Z,13.9925,-93.6961,10,4,mb,29,194,2.729,0.76,us,us6000iqax,2022-10-03T00:53:27.040Z,"off the coast of Chiapas, Mexico",earthquake,8.7,1.982,0.119,19,reviewed,us,us
2022-10-02T21:12:10.534Z,33.2284,92.3319,10,4.4,mb,22,58,7.086,0.64,us,us6000iqa8,2022-10-03T00:37:58.040Z,"195 km N of Nagqu, China",earthquake,11.4,1.927,0.149,13,reviewed,us,us
2022-10-02T21:08:32.280Z,35.94033333,-97.89583333,6.46,2.6,ml,99,33,0.07648499104,0.22,ok,ok2022tifr,2022-10-03T16:53:45.200Z,"4 km SSE of Dover, Oklahoma",earthquake,,0.4,0.21,33,reviewed,ok,ok
2022-10-02T21:03:01.311Z,4.6478,126.0139,71.279,4.9,mb,71,82,2.445,0.53,us,us6000iqa2,2022-10-02T23:44:58.040Z,"103 km SE of Sarangani, Philippines",earthquake,8.79,3.265,0.053,110,reviewed,us,us
2022-10-02T20:25:21.644Z,23.3819,121.4623,26.883,4.7,mww,61,96,0.152,0.36,us,us6000iq9u,2022-10-02T23:00:03.125Z,"67 km SSW of Hualien City, Taiwan",earthquake,5.49,3.535,0.098,10,reviewed,us,us
2022-10-02T20:19:38.578Z,-5.4603,129.1261,255.472,4.5,mb,60,54,3.307,0.29,us,us6000iq9t,2022-10-02T21:00:45.040Z,"221 km SSE of Ambon, Indonesia",earthquake,7.75,7.301,0.075,54,reviewed,us,us
2022-10-02T20:13:14.432Z,69.2732,-164.7422,0,3.1,ml,,,,0.68,ak,ak022cn4rxbn,2022-10-02T21:08:58.040Z,"85 km SW of Point Lay, Alaska",earthquake,,1.3,,,automatic,ak,ak
2022-10-02T19:07:35.388Z,-14.5866,167.2675,163.477,4.6,mb,53,89,0.858,0.47,us,us6000iq9g,2022-10-02T20:07:14.040Z,"54 km NNE of Port-Olry, Vanuatu",earthquake,11.2,6.229,0.083,46,reviewed,us,us
2022-10-02T19:00:22.246Z,23.5136,-108.8981,10,5.6,mww,52,129,0.975,0.47,us,us6000iq9e,2022-10-04T19:34:18.910Z,"70 km E of La Rivera, Mexico",earthquake,7.35,1.86,0.055,32,reviewed,us,us
2022-10-02T18:31:15.942Z,16.9869,147.1585,10.518,5.4,mb,81,80,20.054,0.61,us,us6000iq97,2022-10-03T18:34:42.371Z,"247 km NE of Saipan, Northern Mariana Islands",earthquake,10.33,4.747,0.027,465,reviewed,us,us
2022-10-02T18:27:30.293Z,17.0279,147.2149,28.252,4.8,mb,57,98,20.383,0.42,us,us6000iq9d,2022-10-02T19:17:47.040Z,"254 km NE of Saipan, Northern Mariana Islands",earthquake,11.45,4.351,0.059,94,reviewed,us,us
2022-10-02T18:23:23.963Z,58.3313,-133.3257,0,2.7,ml,,,,1.36,ak,ak022cn3n80m,2022-10-02T18:45:49.040Z,"64 km E of Juneau, Alaska",earthquake,,0.4,,,automatic,ak,ak
2022-10-02T18:17:53.825Z,9.9154,125.9139,95.249,4.4,mb,63,75,2.847,0.43,us,us6000iq93,2022-10-02T18:53:20.040Z,"7 km NW of Del Carmen, Surigao del Norte, Philippines",earthquake,8.17,6.696,0.082,46,reviewed,us,us
2022-10-02T17:49:39.582Z,38.3298,113.723,10,4.7,mb,77,42,10.7,0.56,us,us6000iq8z,2022-10-02T18:46:17.244Z,"44 km NW of Tianchang, China",earthquake,4.02,1.857,0.056,98,reviewed,us,us
2022-10-02T16:09:24.207Z,53.9069,-35.2212,10,4.6,mb,87,91,9.097,0.68,us,us6000iq8t,2022-10-02T17:07:30.040Z,"Reykjanes Ridge",earthquake,8.08,1.733,0.056,98,reviewed,us,us
2022-10-02T16:01:06.881Z,9.6606,127.0752,10,4.5,mb,28,74,2.97,0.49,us,us6000iq8m,2022-10-02T16:55:11.154Z,"105 km ENE of Cortes, Philippines",earthquake,9.47,1.809,0.127,21,reviewed,us,us
2022-10-02T14:05:17.859Z,35.93916667,-97.8935,6.42,2.57,ml,99,33,0,0.18,ok,ok2022thrs,2022-10-03T16:21:38.719Z,"4 km SSE of Dover, Oklahoma",earthquake,,0.4,0.21,37,reviewed,ok,ok
2022-10-02T13:25:29.945Z,26.7882,126.56,10.07,4.8,mb,34,56,1.531,0.35,us,us6000iq7w,2022-10-02T20:11:14.062Z,"128 km WNW of Naha, Japan",earthquake,4.81,4.633,0.109,29,reviewed,us,us
2022-10-02T13:24:13.287Z,37.2429,70.408,15.887,4.5,mb,22,71,0.178,0.77,us,us6000iq7v,2022-10-02T13:50:00.040Z,"20 km NW of Fayzabad, Afghanistan",earthquake,5.61,4.995,0.156,14,reviewed,us,us
2022-10-02T13:05:41.125Z,-57.7677,-25.4095,35,5.7,mww,54,70,7.121,0.38,us,us6000iq75,2022-10-04T15:08:58.040Z,"South Sandwich Islands region",earthquake,10.02,1.649,0.071,19,reviewed,us,us
2022-10-02T12:46:11.593Z,58.3515,-133.2924,0,2.6,ml,,,,1.05,ak,ak022cn07iw7,2022-10-02T12:52:37.040Z,"66 km E of Juneau, Alaska",earthquake,,0.3,,,automatic,ak,ak
2022-10-02T11:18:59.909Z,35.94183333,-97.89383333,6.48,2.52,ml,101,48,0,0.2,ok,ok2022thmg,2022-10-03T15:57:04.813Z,"4 km SSE of Dover, Oklahoma",earthquake,,0.4,0.21,32,reviewed,ok,ok
2022-10-02T10:58:04.113Z,37.0644,28.9129,10,4.7,mb,68,42,0.858,0.72,us,us6000iq6f,2022-10-02T16:20:17.259Z,"28 km NNE of Ortaca, Turkey",earthquake,4.44,1.87,0.052,114,reviewed,us,us
2022-10-02T10:36:37.853Z,-21.0894,-68.7296,144.443,4.1,mb,30,66,0.709,0.68,us,us6000iq6c,2022-10-02T10:56:13.040Z,"Tarapaca, Chile",earthquake,6.47,6.722,0.131,16,reviewed,us,us
2022-10-02T10:03:19.070Z,17.9465,-66.499,11.46,2.6,md,17,117,,0.28,pr,pr71374208,2022-10-02T10:19:24.630Z,"Puerto Rico region",earthquake,0.43,0.51,0.175414276713425,9,reviewed,pr,pr
2022-10-02T09:55:39.035Z,-7.3324,120.2688,371.909,4.4,mb,43,53,2.341,0.62,us,us6000iq64,2022-10-02T10:14:24.040Z,"135 km NNE of Labuan Bajo, Indonesia",earthquake,8.68,7.804,0.101,28,reviewed,us,us
2022-10-02T09:40:03.510Z,17.9131666666667,-66.9341666666667,11.4,2.45,md,7,236,,0.13,pr,pr71374198,2022-10-02T09:52:39.190Z,"7 km SSW of Guánica, Puerto Rico",earthquake,0.77,0.61,0.129973196045497,3,reviewed,pr,pr
2022-10-02T08:56:50.801Z,58.3415,-133.2888,0,2.8,ml,,,,1.14,ak,ak022cmxw0ns,2022-10-02T10:33:55.040Z,"66 km E of Juneau, Alaska",earthquake,,0.4,,,automatic,ak,ak
2022-10-02T07:33:05.330Z,17.9468333333333,-66.964,13.02,2.57,md,8,224,,0.07,pr,pr71374183,2022-10-02T07:46:00.540Z,"6 km WSW of Guánica, Puerto Rico",earthquake,0.56,0.35,0.077766932381248,4,reviewed,pr,pr
2022-10-02T07:32:25.361Z,-37.9565,77.8784,10,5.5,mww,74,45,0.292,0.72,us,us6000iq5f,2022-10-04T15:02:17.040Z,"Mid-Indian Ridge",earthquake,2.36,1.876,0.098,10,reviewed,us,us
2022-10-02T04:59:17.450Z,58.3433,-133.289,0,2.7,ml,,,,1.16,ak,ak022cmviutd,2022-10-02T05:14:56.040Z,"66 km E of Juneau, Alaska",earthquake,,0.3,,,automatic,ak,ak
2022-10-02T04:37:11.290Z,18.0028333333333,-66.8448333333333,14.65,2.78,md,9,149,,0.11,pr,pr71374158,2022-10-02T05:19:00.580Z,"Puerto Rico region",earthquake,0.48,0.38,0.0969021800910532,5,reviewed,pr,pr
2022-10-02T04:04:00.959Z,34.2312,26.0942,10,5.4,mww,106,52,1.447,0.85,us,us6000iq4q,2022-10-03T04:07:17.864Z,"92 km SSE of Ierápetra, Greece",earthquake,5.96,1.61,0.046,45,reviewed,us,us
2022-10-02T03:47:16.982Z,23.8952,122.5776,28.36,4.7,mb,24,131,0.694,0.61,us,us6000iq4p,2022-10-02T04:08:45.040Z,"Taiwan region",earthquake,6.15,5.818,0.083,44,reviewed,us,us
2022-10-02T03:26:04.300Z,17.9491666666667,-66.5081666666667,11.47,3.09,md,13,109,,0.08,pr,pr71374153,2022-10-02T12:40:59.963Z,"4 km SSW of Potala Pastillo, Puerto Rico",earthquake,0.21,0.26,0.0723938567932982,4,reviewed,pr,pr
2022-10-02T02:14:39.774Z,16.9747,147.1025,19.826,5.5,mww,95,52,19.353,0.85,us,us6000iq47,2022-10-07T02:24:46.981Z,"242 km NE of Saipan, Northern Mariana Islands",earthquake,10.81,4.324,0.098,10,reviewed,us,us
2022-10-02T01:35:36.781Z,1.5865,128.2322,82.063,5,mb,48,105,1.185,0.66,us,us6000iq43,2022-10-02T01:59:55.040Z,"29 km ESE of Tobelo, Indonesia",earthquake,9.53,6.639,0.057,100,reviewed,us,us
2022-10-02T00:16:23.952Z,-19.689,-69.545,99.503,4.2,mb,23,97,0.331,0.7,us,us6000iq3s,2022-10-02T04:00:10.721Z,"85 km NE of Iquique, Chile",earthquake,4.85,5.254,0.158,11,reviewed,us,us
2022-10-01T23:50:15.010Z,19.4281666666667,-155.618333333333,-0.74,2.99,ml,44,78,,0.19,hv,hv73163467,2022-10-04T03:25:54.350Z,"26 km E of Honaunau-Napoopoo, Hawaii",earthquake,0.21,0.33,0.169824862919212,39,reviewed,hv,hv
2022-10-01T23:41:28.811Z,-15.0411,-172.1303,5,4.9,mb,45,111,1.175,0.75,us,us6000iq3n,2022-10-02T00:17:19.040Z,"121 km SSW of Lotofagā, Samoa",earthquake,6.9,1.858,0.092,37,reviewed,us,us
2022-10-01T22:39:31.682Z,-57.9444,-25.5583,45.111,4.6,mb,31,87,7.125,1.12,us,us6000iq36,2022-10-01T22:57:43.040Z,"South Sandwich Islands region",earthquake,11.67,8.845,0.102,29,reviewed,us,us
2022-10-01T22:37:55.362Z,58.3393,-133.2885,0,2.9,ml,,,,0.6,ak,ak022clikods,2022-10-01T22:47:45.040Z,"66 km E of Juneau, Alaska",earthquake,,0.4,,,automatic,ak,ak
2022-10-01T21:24:17.856Z,-5.3363,133.76,34.588,4.4,mb,23,84,2.835,0.69,us,us6000iq2r,2022-10-01T21:47:45.040Z,"Kepulauan Kai, Indonesia",earthquake,5.68,6.44,0.155,12,reviewed,us,us
2022-10-01T20:39:18.440Z,44.7488333,-111.1135,13.58,2.77,ml,24,62,0.04759,0.14,uu,uu60518737,2022-10-03T16:27:32.490Z,"6 km ESE of Hebgen Lake Estates, Montana",earthquake,0.36,0.61,0.299,8,reviewed,uu,uu
2022-10-01T19:41:35.962Z,-6.7268,129.9287,127.212,4.6,mb,35,68,1.845,1,us,us6000iq2c,2022-10-01T20:01:15.040Z,"Banda Sea",earthquake,8.77,8.42,0.095,33,reviewed,us,us
2022-10-01T19:35:24.900Z,-24.9307,179.8711,497.323,4.5,mb,35,137,5.881,1.05,us,us6000iq2b,2022-10-01T21:28:51.040Z,"south of the Fiji Islands",earthquake,14.75,9.362,0.106,26,reviewed,us,us
2022-10-01T18:46:52.330Z,-5.8381,149.5523,10,4.5,mb,17,204,4.264,0.65,us,us6000iq21,2022-10-01T20:40:53.040Z,"40 km N of Kandrian, Papua New Guinea",earthquake,7.91,1.986,0.163,12,reviewed,us,us
2022-10-01T18:15:47.837Z,51.6901,-178.7313,16.09,3,ml,15,118,0.075,0.43,us,us6000iqb2,2022-10-04T17:23:09.040Z,"146 km W of Adak, Alaska",earthquake,2.03,1.651,0.105,12,reviewed,us,us
2022-10-01T17:31:44.154Z,18.5695,-69.1305,118.541,4.7,mb,154,54,0.713,0.66,us,us6000iq18,2022-10-04T06:09:27.308Z,"Dominican Republic",earthquake,6.84,5.257,0.026,447,reviewed,us,us
2022-10-01T17:09:26.543Z,54.0825,-166.8554,102.269,3.2,ml,29,193,0.224,0.35,us,us6000iq1u,2022-10-01T19:13:14.040Z,"29 km NW of Dutch Harbor, Alaska",earthquake,12.34,15.714,0.085,18,reviewed,us,us
2022-10-01T16:36:49.752Z,15.0124,-94.0321,22.482,5.5,mww,215,87,2.22,0.91,us,us6000iq0y,2022-10-04T17:21:56.886Z,"100 km SSW of Manuel Ávila Camacho (Ponte Duro), Mexico",earthquake,5.07,3.923,0.06,27,reviewed,us,us
2022-10-01T16:19:26.142Z,16.9958,147.1314,34.92,4.7,mb,81,69,20.379,0.54,us,us6000iq0z,2022-10-04T16:58:23.040Z,"246 km NE of Saipan, Northern Mariana Islands",earthquake,7.63,4.631,0.066,74,reviewed,us,us
2022-10-01T16:11:24.780Z,19.2365,-155.386166666667,32.42,2.97,ml,51,144,,0.12,hv,hv73162857,2022-10-05T23:56:07.728Z,"10 km ENE of Pāhala, Hawaii",earthquake,0.43,0.49,0.23147011725433,34,reviewed,hv,hv
2022-10-01T15:56:25.914Z,17.0499,147.0703,36.767,4.9,mb,144,79,20.306,0.54,us,us6000iq0j,2022-10-04T16:33:42.040Z,"247 km NE of Saipan, Northern Mariana Islands",earthquake,11.01,7.005,0.041,196,reviewed,us,us
2022-10-01T15:26:38.877Z,-30.6651,-179.0381,205.408,4.9,mb,148,65,7.223,0.61,us,us6000iq0c,2022-10-04T15:48:58.040Z,"Kermadec Islands region",earthquake,11.72,6.372,0.043,176,reviewed,us,us
2022-10-01T15:02:31.340Z,31.3447,131.4455,22.775,5.7,mww,185,49,0.864,1,us,us6000iq08,2022-10-04T15:12:10.005Z,"24 km SE of Kushima, Japan",earthquake,6.04,1.039,0.086,13,reviewed,us,us
2022-10-01T14:28:11.825Z,63.3058,-153.7699,6.5,2.8,ml,,,,0.95,ak,ak022cldr6lo,2022-10-04T14:34:45.040Z,"44 km NE of Nikolai, Alaska",earthquake,,0.2,,,automatic,ak,ak
2022-10-01T14:24:28.346Z,58.3513,-133.2757,0,2.8,ml,,,,1.24,ak,ak022cldqd5c,2022-10-04T14:24:45.040Z,"Southeastern Alaska",earthquake,,0.4,,,automatic,ak,ak
2022-10-01T13:57:27.970Z,17.9978,-68.4593,154,3.81,md,13,278,0.5219,0.37,pr,pr2022274002,2022-10-04T14:14:38.040Z,"44 km SSE of Boca de Yuma, Dominican Republic",earthquake,4.44,1.58,0.14,8,reviewed,pr,pr
2022-10-01T13:50:16.179Z,-3.8325,101.8353,60.652,4.9,mb,57,95,1.235,0.69,us,us6000ipzr,2022-10-04T14:10:19.504Z,"47 km W of Bengkulu, Indonesia",earthquake,8.31,8.047,0.094,39,reviewed,us,us
2022-10-01T13:43:34.811Z,-14.5426,166.8006,65.835,4.9,mb,46,85,0.98,0.83,us,us6000ipzp,2022-10-04T14:03:25.040Z,"62 km NNW of Port-Olry, Vanuatu",earthquake,9.51,6.456,0.098,35,reviewed,us,us
2022-10-01T13:41:38.760Z,53.9596,-35.1858,10,4.6,mb,113,68,18.971,0.6,us,us6000ipzu,2022-10-04T13:57:10.040Z,"Reykjanes Ridge",earthquake,11.06,1.844,0.055,105,reviewed,us,us
2022-10-01T12:49:21.595Z,31.68716188,-104.1974227,7.802587891,2.9,ml,32,48,0.05959517178,0.2,tx,tx2022tfts,2022-10-03T18:43:21.928Z,"western Texas",earthquake,0.6807984016,0.8017526363000002,0.1,16,reviewed,tx,tx
2022-10-01T12:44:47.759Z,28.6464,140.4821,48.502,5,mww,67,94,4.491,0.93,us,us6000ipzg,2022-10-01T13:07:00.040Z,"Bonin Islands, Japan region",earthquake,3.51,6.773,0.075,17,reviewed,us,us
2022-10-01T12:32:24.857Z,-58.802,-23.0476,10,4.6,mb,18,93,8.691,0.5,us,us6000ipze,2022-10-01T12:57:54.040Z,"South Sandwich Islands region",earthquake,13.64,1.866,0.137,17,reviewed,us,us
2022-10-01T12:30:27.140Z,36.69933333,-97.6685,7,2.76,ml,98,51,0,0.19,ok,ok2022tftc,2022-10-03T15:31:32.150Z,"Oklahoma",earthquake,,0.5,0.24,32,reviewed,ok,ok
2022-10-01T11:05:33.289Z,17.0729,147.0828,35,4.6,mb,46,102,4.069,0.52,us,us6000ipyt,2022-10-01T11:40:03.040Z,"Mariana Islands region",earthquake,11.56,1.924,0.08,47,reviewed,us,us
2022-10-01T10:43:42.767Z,54.4871,-159.5799,26.955,3.7,ml,47,214,0.345,0.64,us,us6000ipyl,2022-10-01T18:17:03.475Z,"111 km SSE of Sand Point, Alaska",earthquake,8.18,13.93,0.06,36,reviewed,us,us
2022-10-01T10:36:26.860Z,19.1845,-155.460166666667,32.13,3.09,ml,55,112,,0.1,hv,hv73162437,2022-10-05T22:43:44.103Z,"2 km SE of Pāhala, Hawaii",earthquake,0.44,0.46,0.176261330078745,37,reviewed,hv,hv
2022-10-01T10:25:16.581Z,-4.3241,143.9537,102.444,4.9,mb,62,68,5.967,0.9,us,us6000ipyg,2022-10-01T10:48:22.040Z,"New Guinea, Papua New Guinea",earthquake,10.77,7.427,0.049,131,reviewed,us,us
2022-10-01T09:01:34.500Z,18.6936,-66.9413,79,3.71,md,28,200,0.2828,0.2,pr,pr2022274001,2022-10-02T00:42:03.711Z,"23 km NNE of Isabela, Puerto Rico",earthquake,0.85,0.86,0.11,25,reviewed,pr,pr
2022-10-01T08:40:25.663Z,-23.3998,-66.822,215.252,4.4,mb,15,141,1.326,0.44,us,us6000ipy3,2022-10-01T13:05:55.040Z,"104 km NNW of San Antonio de los Cobres, Argentina",earthquake,7.02,11.751,0.19,8,reviewed,us,us
2022-10-01T08:05:39.441Z,13.0137,-91.3424,10,4.3,mb,26,222,1.718,1.12,us,us6000ipxw,2022-10-01T08:16:35.040Z,"near the coast of Guatemala",earthquake,8.52,1.993,0.133,16,reviewed,us,us
2022-10-01T07:44:38.050Z,17.9776,-66.99,6,3.01,md,21,194,0.1108,0.1,pr,pr2022274000,2022-10-01T14:19:54.541Z,"5 km E of La Parguera, Puerto Rico",earthquake,0.38,0.19,0.28,10,reviewed,pr,pr
2022-10-01T07:21:17.662Z,-33.8767,179.3255,185.264,4.6,mb,24,104,3.77,1.02,us,us6000ipxq,2022-10-01T07:39:30.040Z,"south of the Kermadec Islands",earthquake,8.43,8.885,0.119,21,reviewed,us,us
2022-10-01T07:14:45.720Z,40.4563333,-121.5506667,2.2,2.47,md,25,53,0.0261,0.11,nc,nc73787866,2022-10-02T06:26:12.227Z,"11km N of Mineral, CA",earthquake,0.19,0.34,0.184,45,reviewed,nc,nc
2022-10-01T07:01:47.030Z,19.478,-155.59,-0.69,3.47,md,46,52,,0.15,hv,hv73162122,2022-10-01T23:23:57.604Z,"Hawaii region, Hawaii",earthquake,0.22,0.19,0.0728792818556352,11,reviewed,hv,hv
2022-10-01T06:23:55.112Z,-7.9704,-74.5489,157.34,4.7,mb,54,99,1.843,0.85,us,us6000ipxd,2022-10-01T23:05:09.255Z,"45 km N of Pucallpa, Peru",earthquake,7.98,7.653,0.077,52,reviewed,us,us
2022-10-01T06:18:56.045Z,-30.6992,-179.7772,377.075,4.3,mb,28,135,2.156,0.75,us,us6000ipxa,2022-10-01T06:42:54.040Z,"Kermadec Islands region",earthquake,15.47,9.919,0.111,23,reviewed,us,us
2022-10-01T06:12:14.468Z,63.0018,-150.7773,110.4,3,ml,,,,0.41,ak,ak022cl8wam0,2022-10-01T06:46:35.040Z,"56 km N of Petersville, Alaska",earthquake,,0.6,,,automatic,ak,ak
2022-10-01T05:41:14.745Z,39.6159,40.5218,3.09,4.3,mb,30,84,0.402,0.55,us,us6000ipx6,2022-10-01T06:02:45.040Z,"20 km N of Yedisu, Turkey",earthquake,4.42,2.55,0.188,8,reviewed,us,us
2022-10-01T05:33:38.018Z,-20.9225,-69.1316,116.968,4.1,mb,18,70,0.353,0.81,us,us6000ipx4,2022-10-01T05:58:32.040Z,"132 km SE of Iquique, Chile",earthquake,8.27,7.894,0.213,6,reviewed,us,us
2022-10-01T05:27:56.559Z,17.8206,-61.5376,27.159,4.2,mwr,82,184,0.281,0.6,us,us6000ipx3,2022-10-01T05:40:36.040Z,"37 km ENE of Codrington, Antigua and Barbuda",earthquake,4.1,4.225,0.055,32,reviewed,us,us
2022-10-01T05:12:39.411Z,-1.395,-15.2519,10,5,mb,51,46,6.555,0.71,us,us6000ipx1,2022-10-01T05:30:27.040Z,"north of Ascension Island",earthquake,10.55,1.878,0.082,47,reviewed,us,us
2022-10-01T04:58:04.396Z,53.8452,-35.289,10,4.8,mb,40,101,9.127,0.91,us,us6000ipx0,2022-10-01T05:16:23.040Z,"Reykjanes Ridge",earthquake,8.05,1.895,0.057,96,reviewed,us,us
2022-10-01T04:46:01.650Z,53.8219,-35.2219,10,4.5,mb,26,129,18.562,0.9,us,us6000irjb,2022-10-07T01:43:52.040Z,"Reykjanes Ridge",earthquake,14.29,1.926,0.15,13,reviewed,us,us
2022-10-01T04:26:41.534Z,17.0358,146.9904,50.153,4.7,mb,39,142,3.992,0.47,us,us6000ipwy,2022-10-01T04:49:42.040Z,"Alamagan region, Northern Mariana Islands",earthquake,12.95,8.073,0.096,33,reviewed,us,us
2022-10-01T04:25:50.666Z,17.0886,147.0892,48.911,4.7,mb,30,154,4.086,0.78,us,us6000ipwx,2022-10-01T04:42:10.040Z,"251 km NE of Saipan, Northern Mariana Islands",earthquake,9.73,6.637,0.102,29,reviewed,us,us
2022-10-01T04:25:10.001Z,53.7866,-35.2019,10,4.5,mb,30,148,9.205,0.91,us,us6000irja,2022-10-07T01:25:04.040Z,"Reykjanes Ridge",earthquake,11.71,1.846,0.135,16,reviewed,us,us
2022-10-01T04:08:20.265Z,52.4931,143.3965,10,4.5,mb,40,103,5.556,0.73,us,us6000irix,2022-10-07T01:02:23.040Z,"79 km NNE of Nogliki, Russia",earthquake,9.81,1.872,0.132,18,reviewed,us,us
2022-10-01T03:54:57.693Z,16.9974,147.0804,56.066,5.4,mww,70,95,4.005,0.72,us,us6000ipwl,2022-10-02T04:05:01.680Z,"243 km NE of Saipan, Northern Mariana Islands",earthquake,9.74,5.163,0.098,10,reviewed,us,us
2022-10-01T03:34:03.795Z,-58.3681,-23.3742,10,4.4,mb,18,93,8.354,1.01,us,us6000iriw,2022-10-07T00:17:53.040Z,"South Sandwich Islands region",earthquake,11.66,1.794,0.138,15,reviewed,us,us
2022-10-01T02:41:34.770Z,58.3529,-133.2872,0,2.8,ml,,,,0.77,ak,ak022cl6otk5,2022-10-01T02:50:12.040Z,"Southeastern Alaska",earthquake,,0.3,,,automatic,ak,ak
2022-10-01T02:40:06.723Z,36.3661,137.0386,264.173,4,mb,28,76,0.803,0.55,us,us6000iriv,2022-10-06T23:26:16.040Z,"eastern Honshu, Japan",earthquake,7.15,5.743,0.196,7,reviewed,us,us
2022-10-01T02:18:39.835Z,44.2043,-115.0954,10,2.5,ml,10,91,0.809,0.65,us,us6000ipvn,2022-10-01T02:33:00.040Z,"12 km W of Stanley, Idaho",earthquake,1.62,2.013,0.057,40,reviewed,us,us
2022-10-01T02:06:09.232Z,53.8065,-35.2358,10,4.8,mb,41,101,9.177,0.89,us,us6000ipvm,2022-10-01T02:25:40.040Z,"Reykjanes Ridge",earthquake,11.25,1.907,0.047,142,reviewed,us,us
2022-10-01T02:02:33.450Z,48.06783333333333,-124.613,40.7,2.95,ml,29,181,0.1521,0.33,uw,uw61876107,2022-10-04T07:03:17.882Z,"Olympic Peninsula, Washington",earthquake,1,0.72,0.20438363118445535,24,reviewed,uw,uw
2022-10-01T01:39:23.759Z,53.7163,-35.5555,10,4.5,mb,19,145,9.153,0.64,us,us6000irit,2022-10-06T23:11:57.040Z,"Reykjanes Ridge",earthquake,13.06,1.965,0.17,11,reviewed,us,us
2022-10-01T01:28:21.536Z,53.7222,-35.4384,10,4.6,mb,42,144,15.214,0.79,us,us6000ipvd,2022-10-06T22:50:10.040Z,"Reykjanes Ridge",earthquake,12.63,1.939,0.092,35,reviewed,us,us
2022-10-01T01:18:53.397Z,53.7062,-35.5418,10,6,mww,118,36,9.166,0.81,us,us6000ipva,2022-10-02T01:22:33.479Z,"Reykjanes Ridge",earthquake,8.21,1.769,0.03,106,reviewed,us,us
2022-09-30T23:24:30.045Z,60.3943,-152.8017,8.76,3.4,ml,22,106,0.029,0.61,us,us6000ipv8,2022-10-01T02:25:58.040Z,"Southern Alaska",earthquake,1.89,3.112,0.115,10,reviewed,us,us
2022-09-30T23:23:35.109Z,60.4663,-152.7462,9.9,4,ml,,,,0.86,ak,ak022cjvjpsi,2022-10-04T15:29:39.040Z,"75 km NW of Ninilchik, Alaska",earthquake,,0.1,,,reviewed,ak,ak
2022-09-30T22:52:43.612Z,-6.1562,147.5393,52.782,4.3,mb,17,121,3.249,0.7,us,us6000irig,2022-10-07T04:50:04.040Z,"55 km NW of Finschhafen, Papua New Guinea",earthquake,11.89,9.23,0.16,11,reviewed,us,us
2022-09-30T21:44:23.010Z,2.075,129.0628,10,4.9,mb,60,107,2.133,0.78,us,us6000ipsr,2022-09-30T22:00:27.040Z,"123 km ENE of Tobelo, Indonesia",earthquake,7.8,1.866,0.058,92,reviewed,us,us
2022-09-30T21:10:45.092Z,54.0657,-35.1713,10,4.6,mb,91,105,8.98,0.57,us,us6000irie,2022-10-07T04:34:35.040Z,"Reykjanes Ridge",earthquake,5.46,1.894,0.06,82,reviewed,us,us
2022-09-30T20:37:38.875Z,2.0314,98.9577,11.436,5,mb,97,51,0.659,0.59,us,us6000ips6,2022-10-01T16:09:09.836Z,"37 km NNE of Sibolga, Indonesia",earthquake,4.02,3.633,0.06,98,reviewed,us,us
2022-09-30T19:52:05.767Z,53.9025,-35.3176,10,4.8,mb,162,76,9.07,0.74,us,us6000iprv,2022-09-30T20:51:17.040Z,"Reykjanes Ridge",earthquake,9.5,1.842,0.044,167,reviewed,us,us
2022-09-30T19:50:38.499Z,2.226,98.8645,47.323,4.9,mb,103,45,0.468,0.71,us,us6000iprr,2022-10-01T15:47:50.040Z,"47 km S of Tomok Bolon, Indonesia",earthquake,6.58,6.28,0.06,94,reviewed,us,us
2022-09-30T19:28:40.540Z,2.1088,98.9283,21.214,5.9,mww,203,32,0.581,0.92,us,us6000ipri,2022-10-04T15:39:03.040Z,"43 km NNE of Sibolga, Indonesia",earthquake,5.46,3.384,0.052,35,reviewed,us,us
2022-09-30T19:23:14.650Z,19.4795,-155.604,-1.53,2.67,ml,28,56,,0.18,hv,hv73161357,2022-09-30T21:37:56.040Z,"27 km E of Honaunau-Napoopoo, Hawaii",earthquake,0.29,0.18,0.0818676118413819,7,reviewed,hv,hv
2022-09-30T19:02:26.205Z,-21.8884,-68.6543,137.837,4,mb,17,167,0.554,0.75,us,us6000iprc,2022-09-30T21:23:45.040Z,"68 km NNE of Calama, Chile",earthquake,6.95,6.599,0.518,1,reviewed,us,us
2022-09-30T18:18:09.443Z,15.2659,-94.3497,51.027,4.5,mb,57,157,2.358,0.63,us,us6000ipr9,2022-09-30T19:56:07.040Z,"95 km SW of Cabeza de Toro, Mexico",earthquake,10.76,4.619,0.055,102,reviewed,us,us
2022-09-30T17:32:35.898Z,12.2571,-88.3306,13.016,5.2,mww,259,115,1.205,0.67,us,us6000ipny,2022-10-01T15:28:51.040Z,"108 km SSW of Intipucá, El Salvador",earthquake,4.55,3.969,0.052,36,reviewed,us,us
2022-09-30T16:16:51.940Z,17.9566666666667,-66.8108333333333,12.73,2.46,md,12,176,,0.16,pr,pr71373938,2022-09-30T17:38:10.600Z,"4 km SSE of Indios, Puerto Rico",earthquake,0.35,0.41,0.0307821874224254,5,reviewed,pr,pr
2022-09-30T15:45:50.546Z,-14.2192,167.353,197.486,4.6,mb,72,69,1.229,0.85,us,us6000ipnf,2022-09-30T17:12:57.040Z,"43 km SSW of Sola, Vanuatu",earthquake,7.97,4.331,0.065,70,reviewed,us,us
2022-09-30T14:47:58.554Z,-5.1339,153.3902,35,4.3,mb,32,98,7.496,0.48,us,us6000iri3,2022-10-07T09:00:11.040Z,"New Ireland region, Papua New Guinea",earthquake,10.83,1.916,0.116,21,reviewed,us,us
2022-09-30T14:37:20.034Z,22.85,121.376,10,4.6,mb,59,104,0.275,0.5,us,us6000ipn2,2022-10-01T05:37:58.040Z,"98 km ESE of Yujing, Taiwan",earthquake,5.27,1.879,0.078,49,reviewed,us,us
2022-09-30T14:31:11.105Z,9.4456,126.4916,35,4.3,mb,48,140,2.527,0.45,us,us6000ipn7,2022-10-01T04:58:46.040Z,"37 km ENE of Cortes, Philippines",earthquake,6.79,1.897,0.09,35,reviewed,us,us
2022-09-30T14:30:23.877Z,-2.4547,121.3631,10,4.2,mb,23,76,1.988,0.52,us,us6000iri4,2022-10-07T11:09:44.040Z,"135 km SSE of Poso, Indonesia",earthquake,6.72,1.922,0.147,13,reviewed,us,us
2022-09-30T13:52:19.071Z,-24.6983,-177.2771,117.68,4.6,mb,31,121,3.999,0.55,us,us6000irhz,2022-10-07T08:22:51.040Z,"south of the Fiji Islands",earthquake,11.21,7.493,0.109,26,reviewed,us,us
2022-09-30T13:33:52.747Z,53.9734,-35.3074,10,4.6,mb,46,72,9.013,0.38,us,us6000iri8,2022-10-07T11:48:44.040Z,"Reykjanes Ridge",earthquake,10.93,1.93,0.09,37,reviewed,us,us
2022-09-30T13:22:38.917Z,-20.0335,-69.9954,51.035,2.9,ml,11,139,0.268,0.35,us,us6000ipms,2022-10-02T21:04:53.969Z,"25 km NE of Iquique, Chile",earthquake,4.69,4.809,0.074,24,reviewed,us,us
2022-09-30T12:57:31.622Z,-6.6378,104.6916,42.829,4.5,mb,28,80,2.847,0.48,us,us6000irhy,2022-10-07T07:45:59.040Z,"129 km WSW of Labuan, Indonesia",earthquake,9.13,7.994,0.124,19,reviewed,us,us
2022-09-30T12:50:10.103Z,54.0141,-35.2894,10,4.8,mb,77,92,8.985,0.36,us,us6000ipml,2022-09-30T13:09:47.040Z,"Reykjanes Ridge",earthquake,4.95,1.866,0.05,124,reviewed,us,us
